{
"data" : [
	{
	    "name": "page_boxed",
	    "type": [ "customizer" ],
	    "group": "Global",
	    "target": [ "archive", "single" ],
           "global_key": "theme_mods_page-builder-framework",
	    "gui": {
	        "display_name": "Boxed Layout",
	        "type": "select",
	        "values": [
	            {
	                "text": "On",
	                "value": "1"
	            },
	            {
	                "text": "Off",
	                "value": "0"
	            }
	        ]
	    },
	    "default_value": "toolset_use_theme_setting"
	},
	{
	    "name": "page_boxed_box_shadow",
	    "type": [ "customizer" ],
	    "group": "Global",
	    "target": [ "archive", "single" ],
           "global_key": "theme_mods_page-builder-framework",
	    "gui": {
	        "display_name": "Box Shadow",
	        "type": "select",
	        "values": [
	            {
	                "text": "On",
	                "value": "1"
	            },
	            {
	                "text": "Off",
	                "value": "0"
	            }
	        ]
	    },
	    "default_value": "toolset_use_theme_setting"
	},
	{
	    "name": "layout_scrolltop",
	    "type": [ "customizer" ],
	    "group": "Global",
	    "target": [ "archive", "single" ],
           "global_key": "theme_mods_page-builder-framework",
	    "gui": {
	        "display_name": "Scroll To Top",
	        "type": "select",
	        "values": [
	            {
	                "text": "On",
	                "value": "1"
	            },
	            {
	                "text": "Off",
	                "value": "0"
	            }
	        ]
	    },
	    "default_value": "toolset_use_theme_setting"
	},
	{
	    "name": "sidebar_position",
	    "type": [ "customizer" ],
	    "group": "Global",
	    "target": [ "archive", "single" ],
           "global_key": "theme_mods_page-builder-framework",
	    "gui": {
	        "display_name": "Sidebar Position",
	        "type": "select",
	        "values": [
	            {
	                "text": "Right",
	                "value": "right"
	            },
	            {
	                "text": "Left",
	                "value": "left"
	            },
				{
	                "text": "No Sidebar",
	                "value": "none"
	            }
	        ]
	    },
	    "default_value": "toolset_use_theme_setting"
	},
	{
	    "name": "sidebar_gap",
	    "type": [ "customizer" ],
	    "group": "Global",
	    "target": [ "archive", "single" ],
           "global_key": "theme_mods_page-builder-framework",
	    "gui": {
	        "display_name": "Gap",
	        "type": "select",
	        "values": [
	            {
	                "text": "Divider",
	                "value": "divider"
	            },
	            {
	                "text": "xLarge",
	                "value": "xlarge"
	            },
	            {
	                "text": "Large",
	                "value": "large"
	            },
	            {
	                "text": "Medium",
	                "value": "medium"
	            },
	            {
	                "text": "Small",
	                "value": "small"
	            },
				{
	                "text": "Collapse",
	                "value": "collapse"
	            }
	        ]
	    },
	    "default_value": "toolset_use_theme_setting"
	},
	{
		"name": "blog_author",
		"type": [ "customizer" ],
		"group": "Global",
		"target": [ "archive", "single" ],
		"global_key": "theme_mods_page-builder-framework",
		"gui": {
			"display_name": "Author",
			"type": "select",
			"values": [
				{
					"text": "Show",
					"value": "show"
				},
				{
					"text": "Hide",
					"value": "hide"
				}
			]
		},
		"default_value": "toolset_use_theme_setting"
	},
	{
		"name": "breadcrumbs_toggle",
		"type": [ "customizer" ],
		"group": "Global",
		"target": [ "archive", "single" ],
		"global_key": "theme_mods_page-builder-framework",
		"gui": {
			"display_name": "Breadcrumbs",
			"type": "select",
			"values": [
				{
					"text": "On",
					"value": "1"
				},
				{
					"text": "Off",
					"value": "0"
				}
			]
		},
		"default_value": "toolset_use_theme_setting"
	},
	{
		"name": "menu_position",
		"type": [ "customizer" ],
		"group": "Header",
		"target": [ "archive", "single" ],
		"global_key": "theme_mods_page-builder-framework",
		"gui": {
			"display_name": "Navigation",
			"type": "select",
			"values": [
				{
					"text": "Right",
					"value": "menu-right"
				},
				{
					"text": "Left",
					"value": "menu-left"
				},
				{
					"text": "Centered",
					"value": "menu-centered"
				},
				{
					"text": "Stacked",
					"value": "menu-stacked"
				}
			]
		},
		"default_value": "toolset_use_theme_setting"
	},
	{
		"name": "menu_search_icon",
		"type": [ "customizer" ],
		"group": "Header",
		"target": [ "archive", "single" ],
		"global_key": "theme_mods_page-builder-framework",
		"gui": {
			"display_name": "Search Icon",
			"type": "select",
			"values": [
				{
					"text": "On",
					"value": "1"
				},
				{
					"text": "Off",
					"value": "0"
				}
			]
		},
		"default_value": "toolset_use_theme_setting"
	},
	{
		"name": "menu_logo_description",
		"type": [ "customizer" ],
		"group": "Header",
		"target": [ "archive", "single" ],
		"global_key": "theme_mods_page-builder-framework",
		"gui": {
			"display_name": "Display Tagline",
			"type": "select",
			"values": [
				{
					"text": "On",
					"value": "1"

				},
				{
					"text": "Off",
					"value": "0"
				}
			]
		},
		"default_value": "toolset_use_theme_setting"
	},
	{
		"name": "menu_logo_description_mobile",
		"type": [ "customizer" ],
		"group": "Header",
		"target": [ "archive", "single" ],
		"global_key": "theme_mods_page-builder-framework",
		"gui": {
			"display_name": "Display Tagline on Mobile",
			"type": "select",
			"values": [
				{
					"text": "On",
					"value": "1"

				},
				{
					"text": "Off",
					"value": "0"
				}
			]
		},
		"default_value": "toolset_use_theme_setting"
	},
	{
		"name": "mobile_menu_options",
		"type": [ "customizer" ],
		"group": "Header",
		"target": [ "archive", "single" ],
		"global_key": "theme_mods_page-builder-framework",
		"gui": {
			"display_name": "Mobile Menu",
			"type": "select",
			"values": [
				{
					"text": "Default",
					"value": "menu-mobile-default"

				},
				{
					"text": "Hamburger",
					"value": "menu-mobile-hamburger"
				}
			]
		},
		"default_value": "toolset_use_theme_setting"
	},
	{
		"name": "single_post_nav",
		"type": [ "customizer" ],
		"group": "Post Layout",
		"target": [ "single" ],
		"global_key": "theme_mods_page-builder-framework",
		"gui": {
			"display_name": "Post Navigation",
			"type": "select",
			"values": [
				{
					"text": "Previous/Next Post",
					"value": "show"
				},
				{
					"text": "Post Title",
					"value": "default"
				},
				{
					"text": "Hide",
					"value": "hide"
				}
			]
		},
		"default_value": "toolset_use_theme_setting"
	},
	{
		"name": "single_post_style",
		"type": [ "customizer" ],
		"group": "Post Layout",
		"target": [ "single" ],
		"global_key": "theme_mods_page-builder-framework",
		"gui": {
			"display_name": "Style",
			"type": "select",
			"values": [
				{
					"text": "Plain",
					"value": "plain"
				},
				{
					"text": "Boxed",
					"value": "boxed"
				}
			]
		},
		"default_value": "toolset_use_theme_setting"
	}
]
}
